{
  "MultinomialNB": {
    "earn": {
      "precision": 0.9832089552238806,
      "recall": 0.9696412143514259,
      "f1-score": 0.9763779527559056,
      "support": 1087
    },
    "acq": {
      "precision": 0.9813753581661891,
      "recall": 0.952712100139082,
      "f1-score": 0.9668313338038108,
      "support": 719
    },
    "money-fx": {
      "precision": 0.7799043062200957,
      "recall": 0.9106145251396648,
      "f1-score": 0.8402061855670102,
      "support": 179
    },
    "grain": {
      "precision": 0.9280575539568345,
      "recall": 0.8657718120805369,
      "f1-score": 0.8958333333333333,
      "support": 149
    },
    "crude": {
      "precision": 0.9221556886227545,
      "recall": 0.8148148148148148,
      "f1-score": 0.8651685393258427,
      "support": 189
    },
    "trade": {
      "precision": 0.9032258064516129,
      "recall": 0.717948717948718,
      "f1-score": 0.8,
      "support": 117
    },
    "interest": {
      "precision": 0.8958333333333334,
      "recall": 0.6564885496183206,
      "f1-score": 0.7577092511013216,
      "support": 131
    },
    "ship": {
      "precision": 0.8837209302325582,
      "recall": 0.42696629213483145,
      "f1-score": 0.5757575757575758,
      "support": 89
    },
    "wheat": {
      "precision": 0.703125,
      "recall": 0.6338028169014085,
      "f1-score": 0.6666666666666667,
      "support": 71
    },
    "corn": {
      "precision": 0.6842105263157895,
      "recall": 0.4642857142857143,
      "f1-score": 0.5531914893617021,
      "support": 56
    },
    "micro avg": {
      "precision": 0.9408171057655593,
      "recall": 0.8841047721564406,
      "f1-score": 0.9115797262301147,
      "support": 2787
    },
    "macro avg": {
      "precision": 0.8664817458523049,
      "recall": 0.7413046557414517,
      "f1-score": 0.789774232767317,
      "support": 2787
    },
    "weighted avg": {
      "precision": 0.9388045574590604,
      "recall": 0.8841047721564406,
      "f1-score": 0.9064520575316258,
      "support": 2787
    },
    "samples avg": {
      "precision": 0.9022265880812049,
      "recall": 0.905893909626719,
      "f1-score": 0.8981925343811393,
      "support": 2787
    }
  },
  "LinearSVC": {
    "earn": {
      "precision": 0.9888785912882299,
      "recall": 0.9816007359705612,
      "f1-score": 0.9852262234533703,
      "support": 1087
    },
    "acq": {
      "precision": 0.9802538787023978,
      "recall": 0.9666203059805285,
      "f1-score": 0.973389355742297,
      "support": 719
    },
    "money-fx": {
      "precision": 0.8579545454545454,
      "recall": 0.8435754189944135,
      "f1-score": 0.8507042253521128,
      "support": 179
    },
    "grain": {
      "precision": 0.9785714285714285,
      "recall": 0.9194630872483222,
      "f1-score": 0.9480968858131488,
      "support": 149
    },
    "crude": {
      "precision": 0.918918918918919,
      "recall": 0.8994708994708994,
      "f1-score": 0.9090909090909091,
      "support": 189
    },
    "trade": {
      "precision": 0.9320388349514563,
      "recall": 0.8205128205128205,
      "f1-score": 0.8727272727272728,
      "support": 117
    },
    "interest": {
      "precision": 0.8878504672897196,
      "recall": 0.7251908396946565,
      "f1-score": 0.7983193277310925,
      "support": 131
    },
    "ship": {
      "precision": 0.8970588235294118,
      "recall": 0.6853932584269663,
      "f1-score": 0.7770700636942676,
      "support": 89
    },
    "wheat": {
      "precision": 0.9122807017543859,
      "recall": 0.7323943661971831,
      "f1-score": 0.8124999999999999,
      "support": 71
    },
    "corn": {
      "precision": 0.9130434782608695,
      "recall": 0.75,
      "f1-score": 0.8235294117647057,
      "support": 56
    },
    "micro avg": {
      "precision": 0.9610486891385768,
      "recall": 0.9207032651596699,
      "f1-score": 0.9404434671064689,
      "support": 2787
    },
    "macro avg": {
      "precision": 0.9266849668721363,
      "recall": 0.8324221732496351,
      "f1-score": 0.8750653675369178,
      "support": 2787
    },
    "weighted avg": {
      "precision": 0.959407177786894,
      "recall": 0.9207032651596699,
      "f1-score": 0.9385797744472091,
      "support": 2787
    },
    "samples avg": {
      "precision": 0.9364112639161756,
      "recall": 0.9363457760314342,
      "f1-score": 0.9321152586771446,
      "support": 2787
    }
  },
  "KNeighborsClassifier": {
    "earn": {
      "precision": 0.8995744680851064,
      "recall": 0.9724011039558418,
      "f1-score": 0.9345711759504862,
      "support": 1087
    },
    "acq": {
      "precision": 0.9768339768339769,
      "recall": 0.7037552155771906,
      "f1-score": 0.8181083265966047,
      "support": 719
    },
    "money-fx": {
      "precision": 0.7699530516431925,
      "recall": 0.9162011173184358,
      "f1-score": 0.8367346938775511,
      "support": 179
    },
    "grain": {
      "precision": 0.9420289855072463,
      "recall": 0.87248322147651,
      "f1-score": 0.9059233449477352,
      "support": 149
    },
    "crude": {
      "precision": 0.85,
      "recall": 0.8994708994708994,
      "f1-score": 0.8740359897172236,
      "support": 189
    },
    "trade": {
      "precision": 0.8727272727272727,
      "recall": 0.8205128205128205,
      "f1-score": 0.8458149779735681,
      "support": 117
    },
    "interest": {
      "precision": 0.8095238095238095,
      "recall": 0.7786259541984732,
      "f1-score": 0.7937743190661478,
      "support": 131
    },
    "ship": {
      "precision": 0.8356164383561644,
      "recall": 0.6853932584269663,
      "f1-score": 0.7530864197530865,
      "support": 89
    },
    "wheat": {
      "precision": 0.6867469879518072,
      "recall": 0.8028169014084507,
      "f1-score": 0.7402597402597403,
      "support": 71
    },
    "corn": {
      "precision": 0.782608695652174,
      "recall": 0.6428571428571429,
      "f1-score": 0.7058823529411765,
      "support": 56
    },
    "micro avg": {
      "precision": 0.8870246085011185,
      "recall": 0.8536060279870828,
      "f1-score": 0.8699945145364782,
      "support": 2787
    },
    "macro avg": {
      "precision": 0.842561368628075,
      "recall": 0.8094517635202731,
      "f1-score": 0.8208191341083321,
      "support": 2787
    },
    "weighted avg": {
      "precision": 0.8949144913198276,
      "recall": 0.8536060279870828,
      "f1-score": 0.8669203367925123,
      "support": 2787
    },
    "samples avg": {
      "precision": 0.8558611656843486,
      "recall": 0.8620170268500327,
      "f1-score": 0.8539358218729534,
      "support": 2787
    }
  }
}